{
  "type": "tfc:cluster_vein",
  "config": {
    "rarity": 310,
    "density": 0.25,
    "min_y": -64,
    "max_y": -20,
    "size": 22,
    "random_name": "deep_naquadah",
    "blocks": [
      {
        "replace": [
          "tfc:rock/raw/quartzite"
        ],
        "with": [
          {
            "block": "gtceu:quartzite_naquadah_ore",
            "weight": 75
          },
          {
            "block": "gtceu:quartzite_plutonium_ore",
            "weight": 25
          }
        ]
      },
      {
        "replace": [
          "tfc:rock/raw/slate"
        ],
        "with": [
          {
            "block": "gtceu:slate_naquadah_ore",
            "weight": 75
          },
          {
            "block": "gtceu:slate_plutonium_ore",
            "weight": 25
          }
        ]
      },
      {
        "replace": [
          "tfc:rock/raw/phyllite"
        ],
        "with": [
          {
            "block": "gtceu:phyllite_naquadah_ore",
            "weight": 75
          },
          {
            "block": "gtceu:phyllite_plutonium_ore",
            "weight": 25
          }
        ]
      },
      {
        "replace": [
          "tfc:rock/raw/schist"
        ],
        "with": [
          {
            "block": "gtceu:schist_naquadah_ore",
            "weight": 75
          },
          {
            "block": "gtceu:schist_plutonium_ore",
            "weight": 25
          }
        ]
      },
      {
        "replace": [
          "tfc:rock/raw/gneiss"
        ],
        "with": [
          {
            "block": "gtceu:gneiss_naquadah_ore",
            "weight": 75
          },
          {
            "block": "gtceu:gneiss_plutonium_ore",
            "weight": 25
          }
        ]
      },
      {
        "replace": [
          "tfc:rock/raw/marble"
        ],
        "with": [
          {
            "block": "gtceu:marble_naquadah_ore",
            "weight": 75
          },
          {
            "block": "gtceu:marble_plutonium_ore",
            "weight": 25
          }
        ]
      }
    ]
  }
}