{
  "type": "tfc:cluster_vein",
  "config": {
    "rarity": 185,
    "density": 0.25,
    "min_y": -32,
    "max_y": 50,
    "size": 40,
    "random_name": "normal_monazite",
    "blocks": [
      {
        "replace": [
          "tfc:rock/raw/granite"
        ],
        "with": [
          {
            "block": "gtceu:granite_bastnasite_ore",
            "weight": 50
          },
          {
            "block": "gtceu:granite_monazite_ore",
            "weight": 25
          },
          {
            "block": "gtceu:granite_neodymium_ore",
            "weight": 25
          }
        ]
      },
      {
        "replace": [
          "tfc:rock/raw/diorite"
        ],
        "with": [
          {
            "block": "gtceu:diorite_bastnasite_ore",
            "weight": 50
          },
          {
            "block": "gtceu:diorite_monazite_ore",
            "weight": 25
          },
          {
            "block": "gtceu:diorite_neodymium_ore",
            "weight": 25
          }
        ]
      },
      {
        "replace": [
          "tfc:rock/raw/gabbro"
        ],
        "with": [
          {
            "block": "gtceu:gabbro_bastnasite_ore",
            "weight": 50
          },
          {
            "block": "gtceu:gabbro_monazite_ore",
            "weight": 25
          },
          {
            "block": "gtceu:gabbro_neodymium_ore",
            "weight": 25
          }
        ]
      }
    ]
  }
}