{
  "type": "tfc:cluster_vein",
  "config": {
    "rarity": 155,
    "density": 0.25,
    "min_y": 0,
    "max_y": 70,
    "size": 55,
    "random_name": "normal_oilsands",
    "blocks": [
      {
        "replace": [
          "tfc:rock/raw/shale"
        ],
        "with": [
          {
            "block": "gtceu:shale_oilsands_ore",
            "weight": 100
          }
        ]
      },
      {
        "replace": [
          "tfc:rock/raw/claystone"
        ],
        "with": [
          {
            "block": "gtceu:claystone_oilsands_ore",
            "weight": 100
          }
        ]
      },
      {
        "replace": [
          "tfc:rock/raw/limestone"
        ],
        "with": [
          {
            "block": "gtceu:limestone_oilsands_ore",
            "weight": 100
          }
        ]
      },
      {
        "replace": [
          "tfc:rock/raw/conglomerate"
        ],
        "with": [
          {
            "block": "gtceu:conglomerate_oilsands_ore",
            "weight": 100
          }
        ]
      },
      {
        "replace": [
          "tfc:rock/raw/dolomite"
        ],
        "with": [
          {
            "block": "gtceu:dolomite_oilsands_ore",
            "weight": 100
          }
        ]
      },
      {
        "replace": [
          "tfc:rock/raw/chert"
        ],
        "with": [
          {
            "block": "gtceu:chert_oilsands_ore",
            "weight": 100
          }
        ]
      },
      {
        "replace": [
          "tfc:rock/raw/chalk"
        ],
        "with": [
          {
            "block": "gtceu:chalk_oilsands_ore",
            "weight": 100
          }
        ]
      }
    ]
  }
}