{
  "type": "tfc:cluster_vein",
  "config": {
    "rarity": 190,
    "density": 0.4,
    "min_y": -32,
    "max_y": 75,
    "size": 40,
    "random_name": "normal_limonite",
    "blocks": [
      {
        "replace": [
          "tfc:rock/raw/marble"
        ],
        "with": [
          {
            "block": "gtceu:marble_goethite_ore",
            "weight": 15
          },
          {
            "block": "gtceu:marble_yellow_limonite_ore",
            "weight": 50
          },
          {
            "block": "gtceu:marble_hematite_ore",
            "weight": 20
          },
          {
            "block": "gtceu:marble_malachite_ore",
            "weight": 15
          }
        ]
      },
      {
        "replace": [
          "tfc:rock/raw/limestone"
        ],
        "with": [
          {
            "block": "gtceu:limestone_goethite_ore",
            "weight": 15
          },
          {
            "block": "gtceu:limestone_yellow_limonite_ore",
            "weight": 50
          },
          {
            "block": "gtceu:limestone_hematite_ore",
            "weight": 20
          },
          {
            "block": "gtceu:limestone_malachite_ore",
            "weight": 15
          }
        ]
      }
    ],
    "indicator": {
      "rarity": 12,
      "depth": 35,
      "underground_rarity": 1,
      "underground_count": 0,
      "blocks": [
        {
          "block": "tfc:ore/small_limonite",
          "weight": 100
        }
      ]
    }
  }
}