{
  "type": "tfc:cluster_vein",
  "config": {
    "rarity": 165,
    "density": 0.2,
    "min_y": 0,
    "max_y": 210,
    "size": 45,
    "random_name": "normal_sulfur",
    "blocks": [
      {
        "replace": [
          "tfc:rock/raw/rhyolite"
        ],
        "with": [
          {
            "block": "gtceu:rhyolite_sulfur_ore",
            "weight": 50
          },
          {
            "block": "gtceu:rhyolite_pyrite_ore",
            "weight": 35
          },
          {
            "block": "gtceu:rhyolite_sphalerite_ore",
            "weight": 15
          }
        ]
      },
      {
        "replace": [
          "tfc:rock/raw/basalt"
        ],
        "with": [
          {
            "block": "gtceu:basalt_sulfur_ore",
            "weight": 50
          },
          {
            "block": "gtceu:basalt_pyrite_ore",
            "weight": 35
          },
          {
            "block": "gtceu:basalt_sphalerite_ore",
            "weight": 15
          }
        ]
      },
      {
        "replace": [
          "tfc:rock/raw/andesite"
        ],
        "with": [
          {
            "block": "gtceu:andesite_sulfur_ore",
            "weight": 50
          },
          {
            "block": "gtceu:andesite_pyrite_ore",
            "weight": 35
          },
          {
            "block": "gtceu:andesite_sphalerite_ore",
            "weight": 15
          }
        ]
      },
      {
        "replace": [
          "tfc:rock/raw/dacite"
        ],
        "with": [
          {
            "block": "gtceu:dacite_sulfur_ore",
            "weight": 50
          },
          {
            "block": "gtceu:dacite_pyrite_ore",
            "weight": 35
          },
          {
            "block": "gtceu:dacite_sphalerite_ore",
            "weight": 15
          }
        ]
      }
    ]
  }
}