{
  "type": "tfc:cluster_vein",
  "config": {
    "rarity": 360,
    "density": 0.25,
    "min_y": -40,
    "max_y": 64,
    "size": 40,
    "random_name": "normal_garnet_tin",
    "blocks": [
      {
        "replace": [
          "tfc:rock/raw/rhyolite"
        ],
        "with": [
          {
            "block": "gtceu:rhyolite_cassiterite_sand_ore",
            "weight": 35
          },
          {
            "block": "gtceu:rhyolite_garnet_sand_ore",
            "weight": 25
          },
          {
            "block": "gtceu:rhyolite_asbestos_ore",
            "weight": 25
          },
          {
            "block": "gtceu:rhyolite_diatomite_ore",
            "weight": 15
          }
        ]
      },
      {
        "replace": [
          "tfc:rock/raw/basalt"
        ],
        "with": [
          {
            "block": "gtceu:basalt_cassiterite_sand_ore",
            "weight": 35
          },
          {
            "block": "gtceu:basalt_garnet_sand_ore",
            "weight": 25
          },
          {
            "block": "gtceu:basalt_asbestos_ore",
            "weight": 25
          },
          {
            "block": "gtceu:basalt_diatomite_ore",
            "weight": 15
          }
        ]
      },
      {
        "replace": [
          "tfc:rock/raw/andesite"
        ],
        "with": [
          {
            "block": "gtceu:andesite_cassiterite_sand_ore",
            "weight": 35
          },
          {
            "block": "gtceu:andesite_garnet_sand_ore",
            "weight": 25
          },
          {
            "block": "gtceu:andesite_asbestos_ore",
            "weight": 25
          },
          {
            "block": "gtceu:andesite_diatomite_ore",
            "weight": 15
          }
        ]
      },
      {
        "replace": [
          "tfc:rock/raw/dacite"
        ],
        "with": [
          {
            "block": "gtceu:dacite_cassiterite_sand_ore",
            "weight": 35
          },
          {
            "block": "gtceu:dacite_garnet_sand_ore",
            "weight": 25
          },
          {
            "block": "gtceu:dacite_asbestos_ore",
            "weight": 25
          },
          {
            "block": "gtceu:dacite_diatomite_ore",
            "weight": 15
          }
        ]
      },
      {
        "replace": [
          "tfc:rock/raw/granite"
        ],
        "with": [
          {
            "block": "gtceu:granite_cassiterite_sand_ore",
            "weight": 35
          },
          {
            "block": "gtceu:granite_garnet_sand_ore",
            "weight": 25
          },
          {
            "block": "gtceu:granite_asbestos_ore",
            "weight": 25
          },
          {
            "block": "gtceu:granite_diatomite_ore",
            "weight": 15
          }
        ]
      },
      {
        "replace": [
          "tfc:rock/raw/diorite"
        ],
        "with": [
          {
            "block": "gtceu:diorite_cassiterite_sand_ore",
            "weight": 35
          },
          {
            "block": "gtceu:diorite_garnet_sand_ore",
            "weight": 25
          },
          {
            "block": "gtceu:diorite_asbestos_ore",
            "weight": 25
          },
          {
            "block": "gtceu:diorite_diatomite_ore",
            "weight": 15
          }
        ]
      },
      {
        "replace": [
          "tfc:rock/raw/gabbro"
        ],
        "with": [
          {
            "block": "gtceu:gabbro_cassiterite_sand_ore",
            "weight": 35
          },
          {
            "block": "gtceu:gabbro_garnet_sand_ore",
            "weight": 25
          },
          {
            "block": "gtceu:gabbro_asbestos_ore",
            "weight": 25
          },
          {
            "block": "gtceu:gabbro_diatomite_ore",
            "weight": 15
          }
        ]
      },
      {
        "replace": [
          "tfc:rock/raw/quartzite"
        ],
        "with": [
          {
            "block": "gtceu:quartzite_cassiterite_sand_ore",
            "weight": 35
          },
          {
            "block": "gtceu:quartzite_garnet_sand_ore",
            "weight": 25
          },
          {
            "block": "gtceu:quartzite_asbestos_ore",
            "weight": 25
          },
          {
            "block": "gtceu:quartzite_diatomite_ore",
            "weight": 15
          }
        ]
      },
      {
        "replace": [
          "tfc:rock/raw/slate"
        ],
        "with": [
          {
            "block": "gtceu:slate_cassiterite_sand_ore",
            "weight": 35
          },
          {
            "block": "gtceu:slate_garnet_sand_ore",
            "weight": 25
          },
          {
            "block": "gtceu:slate_asbestos_ore",
            "weight": 25
          },
          {
            "block": "gtceu:slate_diatomite_ore",
            "weight": 15
          }
        ]
      },
      {
        "replace": [
          "tfc:rock/raw/phyllite"
        ],
        "with": [
          {
            "block": "gtceu:phyllite_cassiterite_sand_ore",
            "weight": 35
          },
          {
            "block": "gtceu:phyllite_garnet_sand_ore",
            "weight": 25
          },
          {
            "block": "gtceu:phyllite_asbestos_ore",
            "weight": 25
          },
          {
            "block": "gtceu:phyllite_diatomite_ore",
            "weight": 15
          }
        ]
      },
      {
        "replace": [
          "tfc:rock/raw/schist"
        ],
        "with": [
          {
            "block": "gtceu:schist_cassiterite_sand_ore",
            "weight": 35
          },
          {
            "block": "gtceu:schist_garnet_sand_ore",
            "weight": 25
          },
          {
            "block": "gtceu:schist_asbestos_ore",
            "weight": 25
          },
          {
            "block": "gtceu:schist_diatomite_ore",
            "weight": 15
          }
        ]
      },
      {
        "replace": [
          "tfc:rock/raw/gneiss"
        ],
        "with": [
          {
            "block": "gtceu:gneiss_cassiterite_sand_ore",
            "weight": 35
          },
          {
            "block": "gtceu:gneiss_garnet_sand_ore",
            "weight": 25
          },
          {
            "block": "gtceu:gneiss_asbestos_ore",
            "weight": 25
          },
          {
            "block": "gtceu:gneiss_diatomite_ore",
            "weight": 15
          }
        ]
      },
      {
        "replace": [
          "tfc:rock/raw/marble"
        ],
        "with": [
          {
            "block": "gtceu:marble_cassiterite_sand_ore",
            "weight": 35
          },
          {
            "block": "gtceu:marble_garnet_sand_ore",
            "weight": 25
          },
          {
            "block": "gtceu:marble_asbestos_ore",
            "weight": 25
          },
          {
            "block": "gtceu:marble_diatomite_ore",
            "weight": 15
          }
        ]
      },
      {
        "replace": [
          "tfc:rock/raw/shale"
        ],
        "with": [
          {
            "block": "gtceu:shale_cassiterite_sand_ore",
            "weight": 35
          },
          {
            "block": "gtceu:shale_garnet_sand_ore",
            "weight": 25
          },
          {
            "block": "gtceu:shale_asbestos_ore",
            "weight": 25
          },
          {
            "block": "gtceu:shale_diatomite_ore",
            "weight": 15
          }
        ]
      },
      {
        "replace": [
          "tfc:rock/raw/claystone"
        ],
        "with": [
          {
            "block": "gtceu:claystone_cassiterite_sand_ore",
            "weight": 35
          },
          {
            "block": "gtceu:claystone_garnet_sand_ore",
            "weight": 25
          },
          {
            "block": "gtceu:claystone_asbestos_ore",
            "weight": 25
          },
          {
            "block": "gtceu:claystone_diatomite_ore",
            "weight": 15
          }
        ]
      },
      {
        "replace": [
          "tfc:rock/raw/limestone"
        ],
        "with": [
          {
            "block": "gtceu:limestone_cassiterite_sand_ore",
            "weight": 35
          },
          {
            "block": "gtceu:limestone_garnet_sand_ore",
            "weight": 25
          },
          {
            "block": "gtceu:limestone_asbestos_ore",
            "weight": 25
          },
          {
            "block": "gtceu:limestone_diatomite_ore",
            "weight": 15
          }
        ]
      },
      {
        "replace": [
          "tfc:rock/raw/conglomerate"
        ],
        "with": [
          {
            "block": "gtceu:conglomerate_cassiterite_sand_ore",
            "weight": 35
          },
          {
            "block": "gtceu:conglomerate_garnet_sand_ore",
            "weight": 25
          },
          {
            "block": "gtceu:conglomerate_asbestos_ore",
            "weight": 25
          },
          {
            "block": "gtceu:conglomerate_diatomite_ore",
            "weight": 15
          }
        ]
      },
      {
        "replace": [
          "tfc:rock/raw/dolomite"
        ],
        "with": [
          {
            "block": "gtceu:dolomite_cassiterite_sand_ore",
            "weight": 35
          },
          {
            "block": "gtceu:dolomite_garnet_sand_ore",
            "weight": 25
          },
          {
            "block": "gtceu:dolomite_asbestos_ore",
            "weight": 25
          },
          {
            "block": "gtceu:dolomite_diatomite_ore",
            "weight": 15
          }
        ]
      },
      {
        "replace": [
          "tfc:rock/raw/chert"
        ],
        "with": [
          {
            "block": "gtceu:chert_cassiterite_sand_ore",
            "weight": 35
          },
          {
            "block": "gtceu:chert_garnet_sand_ore",
            "weight": 25
          },
          {
            "block": "gtceu:chert_asbestos_ore",
            "weight": 25
          },
          {
            "block": "gtceu:chert_diatomite_ore",
            "weight": 15
          }
        ]
      },
      {
        "replace": [
          "tfc:rock/raw/chalk"
        ],
        "with": [
          {
            "block": "gtceu:chalk_cassiterite_sand_ore",
            "weight": 35
          },
          {
            "block": "gtceu:chalk_garnet_sand_ore",
            "weight": 25
          },
          {
            "block": "gtceu:chalk_asbestos_ore",
            "weight": 25
          },
          {
            "block": "gtceu:chalk_diatomite_ore",
            "weight": 15
          }
        ]
      }
    ]
  }
}