{
  "type": "tfc:cluster_vein",
  "config": {
    "rarity": 140,
    "density": 0.25,
    "min_y": 60,
    "max_y": 210,
    "size": 50,
    "random_name": "surface_bismuthinite",
    "blocks": [
      {
        "replace": [
          "tfc:rock/raw/granite"
        ],
        "with": [
          {
            "block": "gtceu:granite_bismuth_ore",
            "weight": 90
          },
          {
            "block": "gtceu:granite_sulfur_ore",
            "weight": 3
          },
          {
            "block": "gtceu:granite_lead_ore",
            "weight": 7
          }
        ]
      },
      {
        "replace": [
          "tfc:rock/raw/diorite"
        ],
        "with": [
          {
            "block": "gtceu:diorite_bismuth_ore",
            "weight": 90
          },
          {
            "block": "gtceu:diorite_sulfur_ore",
            "weight": 3
          },
          {
            "block": "gtceu:diorite_lead_ore",
            "weight": 7
          }
        ]
      },
      {
        "replace": [
          "tfc:rock/raw/gabbro"
        ],
        "with": [
          {
            "block": "gtceu:gabbro_bismuth_ore",
            "weight": 90
          },
          {
            "block": "gtceu:gabbro_sulfur_ore",
            "weight": 3
          },
          {
            "block": "gtceu:gabbro_lead_ore",
            "weight": 7
          }
        ]
      },
      {
        "replace": [
          "tfc:rock/raw/shale"
        ],
        "with": [
          {
            "block": "gtceu:shale_bismuth_ore",
            "weight": 90
          },
          {
            "block": "gtceu:shale_sulfur_ore",
            "weight": 3
          },
          {
            "block": "gtceu:shale_lead_ore",
            "weight": 7
          }
        ]
      },
      {
        "replace": [
          "tfc:rock/raw/claystone"
        ],
        "with": [
          {
            "block": "gtceu:claystone_bismuth_ore",
            "weight": 90
          },
          {
            "block": "gtceu:claystone_sulfur_ore",
            "weight": 3
          },
          {
            "block": "gtceu:claystone_lead_ore",
            "weight": 7
          }
        ]
      },
      {
        "replace": [
          "tfc:rock/raw/limestone"
        ],
        "with": [
          {
            "block": "gtceu:limestone_bismuth_ore",
            "weight": 90
          },
          {
            "block": "gtceu:limestone_sulfur_ore",
            "weight": 3
          },
          {
            "block": "gtceu:limestone_lead_ore",
            "weight": 7
          }
        ]
      },
      {
        "replace": [
          "tfc:rock/raw/conglomerate"
        ],
        "with": [
          {
            "block": "gtceu:conglomerate_bismuth_ore",
            "weight": 90
          },
          {
            "block": "gtceu:conglomerate_sulfur_ore",
            "weight": 3
          },
          {
            "block": "gtceu:conglomerate_lead_ore",
            "weight": 7
          }
        ]
      },
      {
        "replace": [
          "tfc:rock/raw/dolomite"
        ],
        "with": [
          {
            "block": "gtceu:dolomite_bismuth_ore",
            "weight": 90
          },
          {
            "block": "gtceu:dolomite_sulfur_ore",
            "weight": 3
          },
          {
            "block": "gtceu:dolomite_lead_ore",
            "weight": 7
          }
        ]
      },
      {
        "replace": [
          "tfc:rock/raw/chert"
        ],
        "with": [
          {
            "block": "gtceu:chert_bismuth_ore",
            "weight": 90
          },
          {
            "block": "gtceu:chert_sulfur_ore",
            "weight": 3
          },
          {
            "block": "gtceu:chert_lead_ore",
            "weight": 7
          }
        ]
      },
      {
        "replace": [
          "tfc:rock/raw/chalk"
        ],
        "with": [
          {
            "block": "gtceu:chalk_bismuth_ore",
            "weight": 90
          },
          {
            "block": "gtceu:chalk_sulfur_ore",
            "weight": 3
          },
          {
            "block": "gtceu:chalk_lead_ore",
            "weight": 7
          }
        ]
      }
    ],
    "indicator": {
      "rarity": 12,
      "depth": 60,
      "underground_rarity": 1,
      "underground_count": 0,
      "blocks": [
        {
          "block": "tfc:ore/small_bismuthinite",
          "weight": 100
        }
      ]
    }
  }
}