{"clothes_hat":{"x":20,"y":98,"enabled":true,"halign":"LEFT","valign":"BOTTOM"},"gtceu_magnet":{"x":0,"y":40,"enabled":false,"halign":"LEFT","valign":"TOP"},"feet":{"x":0,"y":60,"enabled":false,"halign":"LEFT","valign":"TOP"},"hands":{"x":2,"y":80,"enabled":true,"halign":"LEFT","valign":"TOP"},"belt":{"x":2,"y":62,"enabled":true,"halign":"LEFT","valign":"BOTTOM"},"ring":{"x":2,"y":117,"enabled":true,"halign":"LEFT","valign":"TOP"},"back":{"x":2,"y":80,"enabled":true,"halign":"LEFT","valign":"BOTTOM"},"bracelet":{"x":2,"y":-3,"enabled":true,"halign":"LEFT","valign":"CENTER"},"necklace":{"x":2,"y":146,"enabled":true,"halign":"LEFT","valign":"BOTTOM"},"body":{"x":2,"y":126,"enabled":true,"halign":"LEFT","valign":"BOTTOM"},"clothes_torso":{"x":20,"y":80,"enabled":true,"halign":"LEFT","valign":"BOTTOM"},"curio":{"x":2,"y":136,"enabled":true,"halign":"LEFT","valign":"TOP"},"head":{"x":2,"y":98,"enabled":true,"halign":"LEFT","valign":"BOTTOM"},"charm":{"x":2,"y":99,"enabled":true,"halign":"LEFT","valign":"TOP"},"clothes_pants":{"x":20,"y":62,"enabled":true,"halign":"LEFT","valign":"BOTTOM"},"clothes_socks":{"x":20,"y":44,"enabled":true,"halign":"LEFT","valign":"BOTTOM"}}